metric,value
CD_mean_nm,44.36150194113786
CD_std_nm,1.8916163697562078
LWR_sigma_nm,1.8916163697562078
LWR_3sigma_nm,5.6748491092686235
LER_left_sigma_nm,1.3436970736884264
LER_right_sigma_nm,1.5980731657568523
LER_avg_sigma_nm,1.4708851197226394
LER_avg_3sigma_nm,4.412655359167918
reported_LWR_nm,5.6748491092686235
reported_LER_nm,4.412655359167918
samples_count,501
NILS_left,3.1036429839770863
NILS_right,3.1469847371900075
NILS_avg,3.125313860583547
